user_id,name,city
1,Kimberly Kennedy,Wilsonport
2,Ashley Espinoza,Lammouth
3,David Holloway,North Denise
4,Michelle Parker,Davidshire
5,Joshua Richardson,West Eric
6,Whitney Joseph,Douglasborough
7,Cindy Wilson,East Allisonhaven
8,Peter Elliott,North Kaylaberg
9,Cody Warren III,East Guyside
10,Catherine Reese,Port Ryan
11,Scott Peterson,Tinamouth
12,Lisa Shaw,South Teresa
13,Ashley Holmes,Villegasfurt
14,Adrian Alvarado,Carrieberg
15,Anthony Poole,Dominguezstad
16,Kelly Chan,Lake Tonya
17,Jack Clarke,Lindaville
18,David Brown,Lake Diane
19,William Williams,Roberthaven
20,Tony Johnson,New Steven
21,George Wong,Lake Bruce
22,Vincent Lynn,Triciamouth
23,Amber Wallace,West Jeffrey
24,Joseph Richards,North Stephaniefort
25,David Daniels,West Kelsey
26,Joshua Gordon,Jimenezfort
27,Karen Moreno,Mooreview
28,Arthur Kemp,East Catherine
29,Whitney Wilson,Port Jill
30,Edward Bailey,Richardsonland
31,William Bolton,Morganstad
32,David Harris,Cuevasfort
33,Steven Alexander,New Alicialand
34,Elizabeth Rivera,New Danielleshire
35,Stacie Chan,Lake Savannah
36,Gary Brown,Lake Melissa
37,Alyssa Wang,Michelestad
38,Vickie Bowers,Sullivanview
39,Alyssa Caldwell,Ballardview
40,Megan Ford,Jeremybury
41,Lori Palmer,South Jacob
42,Brianna Torres,West Sarahfurt
43,Breanna Rowe,Lake Tinaton
44,Janet Mora,Joshuashire
45,Ann Jenkins,New Angela
46,Michael Bryan,Cummingsmouth
47,Ms. Lisa Avery,Hernandezport
48,Edward Stone,Kellyberg
49,Barbara Smith,West Katrinachester
50,Mary Weeks,Jenningston
51,Jesse Reyes,East Margaret
52,Daniel Torres,New Noah
53,Jennifer Todd,Feliciaview
54,Mason Maynard,East Carolyn
55,Maurice Morgan,Lake Linda
56,Michael Beard,Murraychester
57,Leslie Armstrong,North Andrewchester
58,Lauren Mendez,Charlesside
59,Lindsey Rios,Lloydport
60,David Thomas,Nancyberg
61,Amy Perez,Jamestown
62,Terri Patel,New Norma
63,David Rocha,East Matthew
64,Jessica Petty,South Elizabethchester
65,James Smith,New Kaylamouth
66,Jean Ramirez,Thomasview
67,Kimberly Caldwell,Port Dakota
68,Lindsey Roberts,West Mario
69,Kelly Wade,West Anthonybury
70,Robert Roberts,Crystalview
71,Patricia Jensen,New Lauren
72,Daniel Washington,South Sarah
73,Mckenzie Hughes,West Nicholasside
74,Nicholas James,Mccallfort
75,Carla Bryant,East Scottborough
76,Michael Morgan,Donnaborough
77,Thomas Jenkins,Lake Paul
78,Lisa Collins,Powershaven
79,Heather Colon,Port Danielle
80,Alex Bennett,New Timothymouth
81,Matthew Hall,New Melissa
82,Joshua Rivera,North Stephen
83,Paige Mercado,Mendezbury
84,Scott Burton,Tiffanyfort
85,Gregory Gill,Randallstad
86,Alicia Elliott,Pamelaport
87,Samantha Lopez,East Christine
88,Michele Anderson MD,Destinyport
89,Noah Ray,New Richard
90,Karen Smith,East Michelle
91,Rachel White,Hollytown
92,Crystal Gardner,Waltonton
93,Dana Fisher,Port Darrenside
94,Erik Moore DVM,Burgessview
95,Barbara Avery,Greenbury
96,Laura Mills,Campbellchester
97,Pamela Wells,Lake Kathleen
98,William Turner,Nicholaschester
99,James Martinez,Port Ryan
100,Joseph Hill,Michelleville
101,Lauren Stephenson,Petersonport
102,Leah Bennett,Myersside
103,Michael Cooper,Craigchester
104,Jessica Fisher,South Nancy
105,Ann Campbell,West Kevin
106,Andrea Wolf,Moorestad
107,Michael Giles,North Joshua
108,Julian Martin,Jacobchester
109,Joel Russo,Allenmouth
110,Mrs. Kelsey Simpson,Hawkinsborough
111,Sean Williams,West Davidchester
112,Jennifer Grant,West Angela
113,Stephanie Crawford,Freemantown
114,Elizabeth Jones,Port Heather
115,Morgan Jones,North James
116,Jennifer Johnston,Tapiaborough
117,Lindsay Moody PhD,Michellehaven
118,Jeremy Conrad,Montgomeryfurt
119,Bradley Fisher,Johnsonstad
120,Joshua Copeland,Theresamouth
121,Christopher Johnson,Annetteborough
122,Joseph Walker,North Karenshire
123,Susan Moran DDS,Nathanfort
124,Willie Holmes,Andreamouth
125,Brandon Vang,Lisamouth
126,Jill Hughes,Alyssaburgh
127,Timothy Werner,Port Kathryntown
128,Phillip Ross,Robertport
129,Daniel Stewart DDS,Maryborough
130,Austin Williams,Derricktown
131,David Jones,Georgeton
132,Eric Barr,South Aprilmouth
133,Mrs. Teresa Wright,New Kelly
134,Mason Jennings,Harrisonhaven
135,Mason Robles,Debbiefurt
136,Curtis Daniels,East Timothy
137,Scott Fowler,East Gregfurt
138,Christopher Harrison,South Kyle
139,Mary Sandoval,East Brendan
140,Robert Rocha,Port Gregory
141,Meghan Cole,Loriport
142,Sara Morris,Adambury
143,Frank Collins,Reginaville
144,Brittany Morales,Troyburgh
145,Daniel Sims IV,Michelleport
146,Sean Edwards,West Beverlyburgh
147,Michael Watson,Floreschester
148,Carrie Galvan,Gibsonstad
149,Lori Stout,Anthonytown
150,Brett Rose,Gregoryton
151,Elizabeth Richards,Thompsontown
152,Robert Garza,Justinfort
153,Darrell Dudley,North Kelseyshire
154,Donna Johnson,Stevenshire
155,Michael Gomez,Brentberg
156,Jessica Miller,Williamfurt
157,Kristen Harding,Manueltown
158,Jonathon Lee,South Lindaside
159,Barbara Hill,East Jesseside
160,Ashley Barnes,Nicolehaven
161,Jordan Smith,Sparkston
162,Christopher Nunez,South Alan
163,Kimberly Barrera,South Billy
164,Julia Campbell,Ritterside
165,Jessica Welch,Harrisfort
166,Lucas Wall,East Thomas
167,John Clark,Thomasland
168,Shane Davis,Port Jessica
169,Tina Massey,Mathischester
170,Tyler Murphy,Port Wayne
171,Tina Chavez,Rachelville
172,Tyrone Valentine,South Marystad
173,Allison Wallace,East Bradleyside
174,Bob Nunez,North Heather
175,Nancy Boyle,Port Crystal
176,Mark Chang,Lake Ronald
177,Russell Lynch,East Amandamouth
178,Anthony Hill,East Dustin
179,Christopher Ryan,Zacharyhaven
180,Nathan Brown,Paulshire
181,Miss Michelle Trujillo,New John
182,Jennifer Conway,Hernandezchester
183,Rebecca Webster,West Markbury
184,Connie Buck,Thorntonfort
185,Christopher Lutz,Maryland
186,John Dominguez,West Robertland
187,William Thomas,Port Lawrencestad
188,Charles Palmer,Monicashire
189,Garrett Clarke,Thomasside
190,Amy Powell,Mayborough
191,Timothy Hernandez,Brewerstad
192,Danny Wallace,Perkinston
193,Randy Walker,North Valerie
194,Gary Payne,South Danielle
195,Taylor Church,Codyberg
196,Julie Lewis,Howardburgh
197,Dana Walker,Johnfort
198,Carrie Miller,Sarahfurt
199,Robert Brown,South Natalie
200,John Dudley,West Veronica
201,Eric Alvarez,Jillhaven
202,Donald Bender,Fritzton
203,Angel Boyd,New Alicia
204,Roger Lowe,North Anthony
205,William Farley,Tylerfort
206,James Wagner,New Jeffrey
207,David Lowery,Russellton
208,Brittany Leon,Gomezchester
209,Lucas Lane,Kimberlyton
210,Brandon Larsen,Lake Timothyview
211,Jocelyn Oliver,North Andrewborough
212,Jaime Miller,Lake Vanessaport
213,Michelle Carter,Hectormouth
214,Lauren Conley,Lake Nathanchester
215,Stephanie Davis,Gregorystad
216,Anne Mclean,East Leah
217,Christopher Blake,Simonburgh
218,Amy Davies,Suttonshire
219,Mark Lowe,North Douglas
220,Joseph Young,Lake Karenview
221,Kimberly Jackson,Jordanhaven
222,Aaron Melendez,Katelynchester
223,Jean Reeves,North Samanthamouth
224,Shelby Guerrero,Williamview
225,Christopher French,East Jonathan
226,Matthew Mccall,New Sandramouth
227,Patrick Moreno,Princemouth
228,Rebecca Brandt,Murphyberg
229,Joshua Rice,West Tiffanyton
230,Savannah Williams,Port Cathyland
231,Whitney Saunders,Millershire
232,Susan Harris,New Brianna
233,Johnny Lam,Khantown
234,Laura Kelley,Colemantown
235,Jamie Jensen,Diaztown
236,Christopher Mata,Keithhaven
237,Crystal Molina,Angelaview
238,Steven Mueller,Marcusfort
239,Steven James,New Michael
240,Gina Blackburn,Nicholsland
241,Melissa Cooper,South Sarastad
242,Nicole Powell,Debrafort
243,Sheryl Walker,Reedview
244,Joshua Robbins,East Danielmouth
245,Nathaniel Trevino Jr.,East Kellystad
246,Allison Morris,Larryburgh
247,Wanda Morrison,North Laurachester
248,Dustin Clark,Lake Jillton
249,Frank Jones,East Amanda
250,James Bird,West Brooke
251,Pamela Wu,North Markmouth
252,Melody Mcdowell,Matthewville
253,Christopher Carlson,New John
254,Steven Crawford,Shawnton
255,Jim Bailey,Gregoryshire
256,Manuel Reed,Samanthaport
257,Theresa Silva,Ortizville
258,Jeremy White,Joshuamouth
259,Walter Smith,Joshuahaven
260,Brittney Stark,Port Nicholasside
261,Elizabeth Walsh,Buckstad
262,David Ross,East Tammyburgh
263,John Irwin,New Barbara
264,Anthony Romero,Stephensonburgh
265,Joshua Cline,Davenportstad
266,Brandy Duffy,Davidport
267,Veronica White,Christopherview
268,Joseph Gonzales,Port Amyton
269,Alan Torres,East Jennifer
270,Scott Chavez,North Jeremymouth
271,David King,New Patricia
272,Allen Smith,West Emma
273,Regina Harris MD,Leeport
274,Heather Gomez,Port John
275,Michelle Diaz,Mariaville
276,Steven Smith,East Richardborough
277,Allison Fisher,Davismouth
278,Victor Perkins,Kristenton
279,Sherry Murphy,Kellyberg
280,Jared Rodriguez,Lake Carolynberg
281,Dawn Palmer,Whitneyfurt
282,Christine Gregory,Lake Christopherberg
283,Jeanette Clark,Farmerland
284,Ashley Green,North Michael
285,Richard White,South Lindsey
286,Jessica Maddox DDS,Adamsview
287,Brandy Brewer,West Kennethside
288,Duane Adams DVM,Floydland
289,Alexis Williams,New Marvin
290,Rose Stevens,Port Nicholas
291,Scott Perez,South Jonathan
292,Bonnie Murphy,Stevenland
293,Kathryn Burke,Nicoletown
294,Angela Anderson,Jeffreyberg
295,David Ponce,Port Susan
296,Charles Stone,Port Desireeview
297,Paul Washington,Donaldborough
298,Cassandra Vazquez,West Garyberg
299,William Lambert,South Jessica
300,Victor Meyers,Lake David
301,Marcus Russell,Stevensonton
302,Brett Garcia,Lake Jeffreychester
303,Eric Chapman DDS,North Shannonberg
304,Virginia Maxwell,Elliottmouth
305,Ronald Brady,New Christinaville
306,John Gibbs,West Deanna
307,Charles Hunt,North Andrew
308,Melissa Hendricks,Cookfurt
309,Mark Barrett,West Beth
310,Sarah Patel,West Amber
311,Glenn Taylor,Brianport
312,Paul Powell,Kevinfurt
313,Amy Vaughan MD,Bradleyfurt
314,Erica Clark,New Donnaside
315,Stephanie Nielsen,West Aaronburgh
316,Paul White,Lake Erinton
317,Joseph Miller,East Alanshire
318,Michelle Fletcher,West Aaronmouth
319,Jonathan Spencer,Charlenestad
320,Patricia Barron,Griffinborough
321,Jennifer Carr,Travistown
322,Dwayne Gonzalez,North Patriciamouth
323,Amy Jones,East James
324,Karen Matthews,New John
325,Gary White,South Derekstad
326,Kevin Davis,Gravesview
327,Adam Martin,Staceyside
328,Anthony Miller,West Josephshire
329,Nicole Lopez,North Maryton
330,Michael Lawrence,West Christina
331,Shawn Durham,South Ryan
332,Daniel Davis,East Megan
333,Valerie Mullen,South Lisaland
334,Daniel Hines,East Christopherfurt
335,Juan King,Port Michelestad
336,Karen Reyes,Jasonton
337,Amanda Rivera,Lake Adamton
338,Thomas Copeland,Johnsonville
339,Jacqueline Morrison,New John
340,James Martinez,West Robert
341,Yvonne Jensen,East George
342,Joan Reynolds,New Camerontown
343,John Watkins,Port Jamesstad
344,Adam Brown,Justinborough
345,Michael Kirk,Jasonport
346,Marvin Higgins,Castillobury
347,Kristen Flores,Danielshire
348,Ronald Lee,West Matthew
349,Chad Peterson,Jillbury
350,Frank Terrell,Lake Allenhaven
351,Melissa Wiggins,Andrewbury
352,Monica Nelson,New Anthony
353,Sarah Yu DVM,North Miguelburgh
354,Cheryl Jackson,Gomezhaven
355,Haley Ward,Cathyland
356,Derek Wright,Coltonstad
357,Katrina Lucas,Lake Christina
358,Matthew Meyer,Port Eric
359,David Dennis,Drakeshire
360,Rachael French,Thomasmouth
361,Mary Jenkins,North Samantha
362,David Wolf,Brooksshire
363,James Ramirez,Alexisside
364,Destiny Williams,Jamestown
365,Tina Cohen,Chaveztown
366,Courtney Mendoza,Youngburgh
367,Tiffany Ashley PhD,North Steventown
368,Laura Obrien,Amyland
369,Laurie Palmer,Martinborough
370,Steven Snyder,Jenniferfort
371,Ethan Wallace,Gregoryville
372,Melissa Donaldson,Bettyside
373,Evan Allen,Angelaville
374,Paul Hernandez,Victoriaberg
375,Alfred Bolton,Ramirezshire
376,Cynthia Long,Coxburgh
377,Mindy Wood,Steventown
378,Daniel White,Aliciaton
379,Jorge Davis,Hodgesstad
380,Jennifer Gallagher,Julianchester
381,Elizabeth Greene,New Derrickborough
382,Vincent Duran,Chadberg
383,James Matthews,North Michaelfurt
384,Cynthia Johnson,Joport
385,Christine Bailey,Kingbury
386,Gina Avila,Judithfurt
387,David Reyes,West Jasminechester
388,Elizabeth Sanchez,Port Daniel
389,Stephanie Smith,Port Wesleybury
390,Tyler Summers,Tylerville
391,Ms. Autumn Richardson MD,Jennifershire
392,Nicole Walsh,Dianeville
393,Nancy Collins,Johnborough
394,Anita Duncan,North Rodney
395,Amanda Roberts,North Katherine
396,Crystal Malone,South Georgeborough
397,Jennifer Cochran,New Brian
398,Glenn Adams,Louisburgh
399,Jessica Hayes,West Jennifer
400,Loretta Gonzalez,Jorgeshire
401,Joshua Price,North Justin
402,Kathy Moore,Taylormouth
403,Tiffany Garcia,Lake Kimberly
404,William Sandoval,Tiffanyhaven
405,Richard Bean,Johnsonbury
406,Alicia Rocha,West Larrystad
407,Christina Conley,South David
408,Megan Lowery,Blevinsstad
409,Margaret Bates,Port Ricardo
410,Steven Mejia,Lake Stephanieport
411,Grace Werner,West Lindafurt
412,Brian Johnson,Florestown
413,Amber Rodriguez,North Michelemouth
414,Nancy Crawford,Clarkchester
415,Jodi Chaney,Lake Matthewshire
416,Lindsey Hunt,Amandaberg
417,Adam Sims,East Aaron
418,Deborah Miller,East Donna
419,Theresa Griffin,South Sarahview
420,Christine Hall,South Jared
421,Mark Neal,New Madelineview
422,Charles Ortega,West Patricia
423,Jonathan Rosales,Gregoryville
424,Christopher Anderson,Lake Joseph
425,Joseph Owen,Robertsonfurt
426,Timothy Bowen MD,Villarrealhaven
427,Grant Kline,North Morganbury
428,Billy Haynes,Grayberg
429,Megan Russo,New Emilybury
430,Brandon Bailey,Crystaltown
431,Robert Jackson,Jeffreyport
432,Jenny Fleming,Port Nicolefurt
433,Amy Valdez,Rhondamouth
434,Brian Castro,Margaretshire
435,Anthony Thompson,Sabrinabury
436,Austin Jennings,Garytown
437,Anne Drake,South Reginaldshire
438,Scott Hanson,East Dominiqueburgh
439,Shane Wagner,Chadborough
440,Jennifer Deleon,South Cody
441,Zachary Davis,Erinfurt
442,Paul Spencer,East Ashleyland
443,David Jacobs,North Christopherview
444,Rodney Taylor,East Annview
445,Adam Camacho,Lake Margaret
446,Brian Olson,Claudialand
447,Juan Zimmerman,West Amystad
448,Deborah Hughes,North Charlesport
449,Bradley Brown,East Ann
450,Susan Bowen MD,South Paulafort
451,Emily Paul,Bakerburgh
452,Joseph Sherman,West Mary
453,Derek Morton,Port Courtneychester
454,Jenny Wilcox,Port Rodney
455,Frank Skinner,Port Jamiehaven
456,Amy Smith,West Michael
457,John Johnson,Brittneyberg
458,Kim Morris,New Cheryl
459,Hannah Rodriguez,Lake Heatherfurt
460,Katherine Thomas,Cooperville
461,Catherine Schaefer,Lake Sean
462,Kelly Bruce,West Cindy
463,James Hardy,Wellsbury
464,Amanda Crane,Lake Anthony
465,Lucas Klein,South Jenniferhaven
466,Sonya Hernandez,North Jeffery
467,Lisa Rosario,New Danielshire
468,Tina Carter,Baileyburgh
469,Anthony Ortega,North Sheilatown
470,Matthew Williams,Troymouth
471,Brandon Medina,Deborahview
472,John Cook,Ericafort
473,Charles Kane,Mayoshire
474,Carrie Spencer,Ricardoport
475,Maria Perez,North Adammouth
476,Joseph Gamble,Owenschester
477,Andrew Bowers,Port Heather
478,Julie Williams,West Tammystad
479,Cheryl Johnson,Lake Jasonfort
480,Amber Turner,Amyville
481,Daniel Jackson,East Ray
482,Rachel Richardson,Bushburgh
483,Elaine Carney,Quinnchester
484,Richard Simon,Dannystad
485,Drew Baker,North Michelestad
486,Dr. Sarah Martin MD,Brownchester
487,Kevin Wise,Vegaton
488,Stephanie Cooper,Caldwellton
489,Ashley Hensley,Millerfurt
490,Dominique Watson,Lake Zacharymouth
491,Michael Morton,North Matthewshire
492,Michael Herrera,South Davidton
493,Brandon Jackson,Bonnieland
494,Julie Butler,Mayoberg
495,William Vang,Rodriguezmouth
496,Christina Hart,Bushview
497,John Wyatt DVM,Johnsonfurt
498,Allison Garrison,Patriciafurt
499,Andrew Lopez,Greeneland
500,Steve Johnson,Rhondatown
501,Michael Williams,Careyberg
502,Breanna Evans,Allenmouth
503,Timothy Morris,East Jamesshire
504,Sarah Evans,Ricechester
505,Anthony Jackson,Donaldmouth
506,Elizabeth Rivera,Lake Sandra
507,Susan Kennedy,West Rickychester
508,Amanda Smith,New James
509,Tina Young,East Tylerfort
510,Robert Taylor,South Manuelville
511,Amanda Jones,Romanburgh
512,Bonnie Jackson,East Patrickton
513,Lisa Hawkins,East Anthony
514,George Merritt,North Cole
515,Ryan Miller,Lake Lisa
516,Jamie Shepard,Dominiqueville
517,Kenneth Ashley,Heatherberg
518,Ronald Jones,Morenoburgh
519,Leslie Ashley,Horneburgh
520,Terri Munoz,Lindamouth
521,Samuel West,Codyfurt
522,Valerie Johnston,Nicholasland
523,Jacqueline Walters,Sherryhaven
524,Jackie Colon,Shannonview
525,Mary Mora,East Timothybury
526,Matthew Church,Thomasfurt
527,Cameron Todd,New Heatherfort
528,Molly Bailey,Lake Matthewview
529,Teresa Garrett,Carmenport
530,Tyler Hodges,Kimland
531,Kathy Medina,Nealtown
532,Anthony James,Susanland
533,Lucas Farmer,New Daniel
534,Brian Robles,Martinport
535,Scott Hill,Wyattland
536,Kerry Sanchez,Juliefurt
537,Jessica Riley,Melissaland
538,Rebecca Lopez,West Brenda
539,David Miles,Davidberg
540,Michael Reyes,Mathisville
541,Mary Anderson,Timothyton
542,Jorge Cox,West William
543,Robert Bailey,South Jennifer
544,Christopher Carrillo,Estradaburgh
545,Daniel Oneill,Laurenbury
546,Robert Jordan,South Williamborough
547,Debra Carson,Denisebury
548,Patricia Hill,New Melissafort
549,Richard Harris,Ricktown
550,Nicholas Deleon,New Amymouth
551,Bill Carr,North Melissa
552,Tiffany Rowe,South John
553,Timothy Anderson,New Rita
554,Nicole Jones,Port Charles
555,Rebecca Brown,Lake Scott
556,Angela Hodges,Mooreland
557,Patrick Garza,New Carl
558,Kendra Ayala,West Traceytown
559,Alexis Wong,New Lauren
560,David Holt,North Joshua
561,Adrian Nelson,Port Anna
562,Lucas Owen,Brownberg
563,Wyatt Thomas,North Susanside
564,Ronald Rivera,West Deborah
565,Tiffany Miller,East Austinshire
566,Sharon Rosario,South Johnmouth
567,Gregory Fisher,North Christine
568,James Cochran,Port Vanessafort
569,Troy Davidson,East Joyce
570,Geoffrey Deleon,Sierraland
571,Rebecca Gentry,Port Ryanchester
572,Daniel Lee,North Luisburgh
573,Natasha Wright,Jacquelinechester
574,Taylor Dennis,Michaelton
575,Jennifer Pratt,West April
576,Ashley Davis,Claytonport
577,Amanda Parsons,New Catherinebury
578,Scott Johnson DDS,Fischerton
579,Jeffrey Clark,North Sarah
580,Teresa Velazquez,Leonardton
581,Joseph Henry,Carterton
582,Linda Woods,East Crystalport
583,Kevin Williams,New Sandy
584,Natasha Smith,Lake Jerryberg
585,Regina Clark,Alvarezstad
586,Shannon Flores,Toniland
587,Heather David,Katherinechester
588,Mark Shea,Aprilfurt
589,Hunter Lawson,Port Lorettastad
590,Mark Smith,Barrettfurt
591,Robin Stewart,Saundersmouth
592,Andre Allen,Lake Carmen
593,Martin Calderon,North Anthonymouth
594,Cynthia Fry,Millsmouth
595,Alexandria Davis,Guerreromouth
596,Mr. Michael Shaw,South Gabriellamouth
597,Tony Jordan,New Nicholasburgh
598,Brenda Ramirez,North Melissa
599,Jeremy Craig,Juliefort
600,Michael Jones,East Alexanderborough
601,Sean Dean,North David
602,Tyler Santiago,Erikaport
603,Maria Wyatt,East Robertchester
604,Darren Shaffer,East Elizabethfort
605,Pamela Serrano,North Lukeport
606,David Schmidt,East Raymondview
607,Courtney Harmon,New Victoria
608,Patrick Rodriguez,Port Kendraside
609,Julie Thompson,South Aliciamouth
610,Larry Schultz,Mullinsburgh
611,Lauren Moses,Port Kellyhaven
612,Steven Williams,Michaelshire
613,Bethany May,Julieburgh
614,Richard Fields,East Matthewland
615,Jessica Owens,Leeview
616,Erica Boyd,Grantfort
617,Jessica Hodges,East Vincentfort
618,Faith Davis,West Nathanielport
619,Melissa Stephens,Jenniferborough
620,Lori Day,Stricklandborough
621,Stacy Cook,Youngfort
622,Colleen Hawkins,East Emily
623,Scott Cochran,East James
624,Roberto Frederick,North Barryland
625,James Horne,South Shelley
626,Robert Baker,North Joann
627,Michelle Smith,Leonardville
628,James Buchanan,Morganland
629,David Cohen,East Edwinburgh
630,Shannon Rush,South Joseph
631,Dr. Natalie Bond,Emilystad
632,Jeremy Sexton,East Phyllis
633,Mrs. Melissa Callahan,Chamberschester
634,Erika Cortez,Williamville
635,Robert Parker,Lake Scott
636,Kenneth Cummings,Nicoleborough
637,Brooke Howard,Torresstad
638,Cynthia Valencia,Morantown
639,Angela Meyer,Lake Ashley
640,Edward Gray,Joneston
641,Jonathan Butler,Port Megan
642,Julie Holt,Richardshaven
643,Shawn Bradley,Angelabury
644,Eric Clark,West William
645,Sylvia Harris,West Jennifer
646,Charles Cortez II,Bobbymouth
647,Megan Hernandez,Howardtown
648,Katie Jones,Kennethland
649,Brandon Young,Michaelside
650,Shelly Harris,Port Kellymouth
651,Tiffany Marsh,Jeanport
652,Alexandra Hughes,Burnsburgh
653,Tammy Hoover,East Cathyland
654,Richard Moore,Joanburgh
655,Carla Medina,Mackenziefurt
656,Andrew Green,New Craigstad
657,Jeffrey Carrillo,New John
658,Billy Murphy,New Kimberly
659,Kenneth Allen,South Melissaview
660,Michael Daniels,Lake Shelly
661,Kimberly Irwin,Davidhaven
662,Dawn Rice,New Cynthia
663,George Garner,Port Loriport
664,Mariah Hernandez,Tiffanyland
665,Nancy Carrillo,Michaelbury
666,Cynthia Williamson,Williamsshire
667,Cindy Fowler,North Donna
668,Michelle Hall,West Julieburgh
669,Mr. Michael Leon MD,Robinsonshire
670,Luis Berger,West John
671,Craig Burton,North Paul
672,Heather Hunter,Lake Loriburgh
673,Michael Odonnell,East Michelletown
674,Marie Duran,Browningstad
675,Dakota Bauer,Pattersonton
676,Eugene Watson,Torresport
677,Maurice Baker,Port Cynthia
678,Robert Evans,Hallbury
679,Brandi Bishop,Donnaberg
680,Robert Lopez,Jonathanmouth
681,Audrey Roy,Evansland
682,Jack Barnes,South Emilymouth
683,Edwin Nelson DVM,Martinezburgh
684,Lisa Garcia,West Katherine
685,Ryan Meza,Barbaraport
686,Jesse Adams,Lake Melinda
687,Melissa Gomez,South Robertamouth
688,James Holt,Jessicachester
689,James Zamora,Shelleyport
690,Amy Payne,Lake Timothyville
691,Danielle Ferguson,Lake Ashley
692,Caroline Rodriguez,Ortizberg
693,Trevor Jackson,North Victoria
694,Mrs. Joanna Bowers DVM,Lake Cindytown
695,Amanda Butler,Sydneyborough
696,Michael Perry,Lynntown
697,Danielle Duncan,West Kelly
698,Patricia Greer,Russellton
699,Kathryn Sutton,Hoffmanmouth
700,Joseph Norris,Conniemouth
701,Jason Peterson,West Rossmouth
702,Anthony Burns,South Amanda
703,Stacey Lane,Port James
704,Tina Escobar,Port Melissaport
705,Kenneth Lee,West Oliviaberg
706,Olivia Miles,North Karihaven
707,Laura Smith,Hermanfort
708,Stephanie Moore,Justinside
709,Daniel Johnson,North Shanemouth
710,Seth Weber,Jeremiahburgh
711,Reginald Johnson,Patriciaburgh
712,Benjamin White,Kennedyhaven
713,Heather Rogers,East Samuelshire
714,Monica Villegas,Shellyfurt
715,Anthony Smith,Vegamouth
716,Kimberly Herrera,Grahamville
717,Jeremiah Novak,East Bonnie
718,Laurie Davis,Hannahfurt
719,Joseph Morales,Victoriaport
720,Kelsey Lee,Lake Marychester
721,Glen Frazier,East Hannah
722,Tara Smith,Valenzuelatown
723,Paul Robinson,Veronicaberg
724,Tiffany Murray,Jonton
725,David Bennett,Kellyport
726,Joshua Bennett,Marksstad
727,Randy Farmer,Hendersonbury
728,Stephen Gregory,North Kendra
729,Beth Jensen,Hernandezbury
730,Trevor Johnson,Russellhaven
731,Nicholas Roberts,Port Carolyn
732,Emma Williams,Andrewsshire
733,William White,Mejiaside
734,Meredith Franco,Christopherville
735,Alexandria Boyer,Jamesside
736,Mrs. Amber Patton DDS,North Jessica
737,Walter Friedman,New Troyton
738,Peter Oliver,Lisamouth
739,Travis Mahoney,Port Danielbury
740,Michael Byrd,Danielland
741,Amy Hansen,Meadowsshire
742,Dr. Matthew Kim,Michaelmouth
743,Jordan Atkinson,Julietown
744,Alan Bruce,Port Nicholeville
745,Jennifer Gibbs,North Kristenfurt
746,Amanda Ross,Ericahaven
747,Nicole Chavez,New Kaylaburgh
748,Rose Horne,East Victoriaton
749,Shannon Hill,Jerryshire
750,Kristie Fowler MD,Pricechester
751,Steven Andrade,Erichaven
752,Sarah Murphy,South Yeseniafort
753,William Fernandez,Stewartmouth
754,Michael Thompson,Josephshire
755,Frank Sherman,West Georgeshire
756,Melissa Brown,Brookebury
757,Jeffrey James,West Keithside
758,Scott Clark,Kimberlyshire
759,Kyle Rasmussen,West Nicholemouth
760,Renee May,Lake Carolhaven
761,Roberto Ryan,Elliottfort
762,Matthew Douglas,Frederickville
763,Lauren Finley,North Saraburgh
764,Tyler Berg,East Daniel
765,Sean Stewart,North Christopher
766,Cassie Poole,Angelastad
767,Anthony Brown,East Matthewburgh
768,Carmen Joseph,South Michaelfurt
769,Christopher Lopez,East Jennifertown
770,David Brown,East Frankstad
771,Charles Davis,West Aaron
772,Erika Sims,Dixonhaven
773,Eric Walker,Ryanhaven
774,Taylor Weaver,Johnsonchester
775,Dylan Hernandez,Lake Isaac
776,Nancy Booker,Rodriguezborough
777,Jessica Warren,Thomasmouth
778,Andrew Kemp,New Kelly
779,Paul Morales,East Adamville
780,Cheryl Sutton,North Luis
781,Nancy Sellers,Port Genechester
782,Anna Smith,Alvarezchester
783,Eric Wood,West Thomas
784,David Ramsey,Christinastad
785,Jessica Jones,Port Dennis
786,Maria Mosley,Fosterton
787,Tamara Mcdonald,South Crystal
788,Amanda Boyd,South Joshuamouth
789,Elizabeth Gutierrez,South Mark
790,Danielle Henderson,New Bryanburgh
791,Robert Krueger,East Jessica
792,Tina Porter,Port Markhaven
793,Melinda Flynn,New Jason
794,Larry Johnson,Lake John
795,Nancy Watson,West Williammouth
796,Christopher Garrett,East Kyle
797,Megan Smith,New Juan
798,Brian Taylor,Camposstad
799,David Freeman,South Michael
800,Holly Davis,Williamsfurt
801,Brendan Christensen,Whiteport
802,Aaron Carter,South James
803,Teresa Clark,Santiagoberg
804,Melissa Bryant,Port Trevorview
805,Angel Short,Powellfort
806,William Hernandez MD,Bonnieton
807,Gina Allen,East Jamesview
808,Paul Martinez,South Danielle
809,Jack Cooper,North Gabrielleville
810,Karen Warren,New Jessicaside
811,Billy Ortiz,Tracimouth
812,Scott Price,Mariaton
813,Steven Miller,Sullivanberg
814,Natalie Collier,West Debrashire
815,James Bennett,North Chad
816,Mark Jacobson,Dylanport
817,Wayne Hubbard,Torresland
818,Lisa Simmons,North Tiffanyton
819,Jeffrey Randolph,Victoriaview
820,Edward Andrews,West Cynthialand
821,Cassandra Smith,Johnsonstad
822,Christopher Brown,Duncanland
823,Garrett Freeman,Seanshire
824,Nancy Cochran,Wesleyton
825,Amber Cooper,Kramerville
826,Matthew Leon,Waltersmouth
827,Caleb Williams,Millerchester
828,Andrew Rodriguez,North Victorberg
829,Emma Allen,South Michael
830,Gina Braun,Robertfurt
831,Rebecca Brown,Derrickbury
832,Tina Martinez,Brownbury
833,Taylor Kim,Chadchester
834,Karen Ayala,North Steven
835,Toni Daniel,Lauraville
836,Justin Evans,South Tamara
837,Todd Duncan,Barneston
838,Monica Ritter,Montgomeryhaven
839,Donald Rodriguez,North Sabrinashire
840,Jenna Romero,Samanthamouth
841,Theresa Gonzalez,Nelsonland
842,Lisa Mcclure,New Peggymouth
843,Richard Fisher,Scottton
844,Stephanie Alvarez,North Michaelview
845,Brett Rubio,South Amymouth
846,Terry Martinez,Davidview
847,Nancy Ellis,Jackchester
848,Zachary Hogan,North Scottbury
849,Johnathan Gordon,Laurahaven
850,Mark Barber,South Angela
851,Wendy Henderson,Paulaport
852,Cathy Oneill,Rodriguezland
853,Jonathan Morris,East Alan
854,Kathryn Tyler,Heatherchester
855,Donna Thomas,Chanfort
856,Melissa Shelton,Herreraport
857,Jodi Thompson,Port Benjaminbury
858,Angela Smith,Leachtown
859,Sheri Anderson,New Ericland
860,Ashley Clark,Brockmouth
861,Catherine Boyd,South Katherine
862,Matthew Smith,East Jasmine
863,Lisa Gonzales,Stephaniechester
864,Ronald Hernandez,Michaelview
865,John Mercado,Kaylafort
866,Belinda Watson,Samanthatown
867,Joshua Lam,West Susanfurt
868,Veronica Estrada,East Darrell
869,Katherine Garrison,Robinsonstad
870,John Castaneda,Brewerburgh
871,Mary Douglas,Lake Austin
872,George Ford,East Meghanfurt
873,Katrina Berry,New Kaitlyn
874,Carmen Cooke,East Alex
875,Jason Salazar,Pattonshire
876,Kevin Smith,Leetown
877,Michelle Mcneil,Turnerstad
878,Desiree Allen,West Aaronhaven
879,William Richmond,Cassandrahaven
880,David Sanchez,Andreachester
881,Whitney Burton,Donnastad
882,Tyler Watson,Quinnfurt
883,Christopher Davis,New Theresa
884,Brent Stanley,Lindaborough
885,Amy Rodriguez,Port Jose
886,Cole Villarreal,Doyleview
887,Sharon Padilla,Trujillofort
888,Michele Cameron,South Aprilland
889,Angelica Jackson,Port Danielle
890,Brian Miller,Lake James
891,Adam Hoover,Ginaton
892,Jacob Welch,Kristenhaven
893,Brianna Smith,West Sharon
894,Michelle Graves,Sandraville
895,Denise Anderson,Port Samantha
896,Kevin Sanchez Jr.,Taylorchester
897,Rose Foster,Normanhaven
898,James Cruz,Port Christian
899,Kelly Barnett,New Reginald
900,Gloria Williams,Dianeside
901,John Savage,Sanfordhaven
902,Jacob Miller,Lisatown
903,Kayla Shea,West Frankside
904,Michelle Singh,Tonyburgh
905,Susan Taylor,South Dianemouth
906,Carl Smith,West Danielfort
907,Deanna Miller,West Crystalstad
908,Raymond Johnson,Porterburgh
909,Nicole Holmes,East Lee
910,Craig Roberts,East Jill
911,Gabrielle Smith,Coreyside
912,Mark Benton,Erikaburgh
913,Nicole Lucas,Crystalville
914,Jonathan Davila,South Christinechester
915,Natalie Campbell,West Charlesview
916,Bryan Andrews,Zimmermanmouth
917,Jason Lowery,East Julieton
918,Nancy Mcmahon,East Josephview
919,Tina Mack,Samanthaberg
920,Levi Johnson,Smithfurt
921,Daniel Galvan,Stantonport
922,Steve Cabrera,East Nathaniel
923,Jerome Vasquez,Joelbury
924,Michele Small,Sheafurt
925,Thomas Gardner,Toddland
926,Stephanie Hawkins,Morrisonburgh
927,Donald Rowe,South Mariaberg
928,Thomas Mclaughlin,East Brendahaven
929,Willie Payne,South Jennifer
930,Dr. Theresa Mckinney,Willisfurt
931,David Murphy,Chelseashire
932,Spencer Scott,North Robert
933,Alicia Ward,New Kaylee
934,Amy Perez,North James
935,Mark Beck,Alexandermouth
936,Jose Jones,Jacksonfort
937,David Walls,Brownchester
938,Dr. Amy Hall,Allenport
939,Jennifer Good,Jefferychester
940,Savannah Bell,Middletonland
941,Thomas Ross Jr.,North Sierrachester
942,Ian Lopez,West James
943,Emily Richardson,Gutierrezside
944,Andrew Miller,Donton
945,Alexa Wagner,Port Richard
946,Brittany Flores,West Becky
947,Mrs. Anne White MD,Camachoview
948,Justin Lawson,Lake Jesseburgh
949,Jessica Riggs,Port Ericburgh
950,Natalie Warren,Westbury
951,Daniel Patterson,East Thomasmouth
952,Michael Davis DDS,Dennisland
953,Michael Castaneda,Morganville
954,Alex Wilson,Tylerfort
955,Linda Moss,North Kimberly
956,Jonathon Weaver,New Feliciafurt
957,Larry Gaines,Davisview
958,Beth Rodriguez,Hudsonmouth
959,Michael Abbott,Justinshire
960,Ralph Rivera,Coffeymouth
961,Jennifer Duffy,East Benjamin
962,Janet Serrano,West Brooke
963,Michael Robinson,Hooverbury
964,Billy Dixon,Rebeccatown
965,Samantha Barnett,Natalieshire
966,Anne Hicks,New Markview
967,Aaron Webster,West Nathan
968,Megan Kramer,South Jamesshire
969,Terry Stewart,Millerberg
970,Christina Warner,North Susanborough
971,Christopher Wallace,Port Ronald
972,Timothy Parrish,West Rebeccamouth
973,Eric Gonzales,Port Scottview
974,Alexis Ramirez,New Douglas
975,Taylor Carter,North Katherine
976,Jason Gilbert,Port Stacyburgh
977,Melanie Walters,Alisonville
978,Nicole Wilcox,New Danielshire
979,Kristy Wagner,Port Tammyfurt
980,Paula Norris,Wilkersonstad
981,Kevin Stephens,Millerstad
982,Jonathan Martinez,Ryanview
983,Sarah Sanchez,Owensfort
984,Miss Yvonne Wilson MD,Elliottshire
985,Susan Case,Jasonborough
986,Ryan Cruz,Evansshire
987,Jeff Vasquez,Kingchester
988,Noah Wilson,New Sheilafurt
989,Gwendolyn Rodriguez,Jeffreyfurt
990,Joseph Hart,North Nicoleshire
991,James Gomez,Clarenceview
992,Michael Owen,Christinaton
993,Stacey Barnett,New James
994,Maria Gutierrez,East William
995,Michael Gordon,Morrisborough
996,Vanessa Hayes,Roberttown
997,Shannon Hansen,South Emily
998,Ashley Boyd,Lake Michaelborough
999,Harold Watson,West Megan
1000,Jeffrey Hernandez,Port Philipland
